<?xml version="1.0" encoding="UTF-8" standalone="yes"?>
<addon id="plugin.video.fsb" name="FSB Wizard" version="0.1" provider-name="">
  <requires>
    <import addon="xbmc.python" version="2.1.0"/>
  </requires>
  <extension point="xbmc.python.pluginsource" library="default.py">
        <provides>video executable</provides>
  </extension>
  <extension point="xbmc.addon.metadata">
		<summary lang="en">FSB Wizard</summary>
		<description lang="en"</disclaimer>
		<forum></forum>
		<source></source>
		<website></website>
		<platform>all</platform>
	</extension>
</addon>
